<?xml version="1.0" encoding="UTF-8"?>
<data encounter_type="New Household Registration" id="20">
   <existing_location openmrs_entity="encounter" openmrs_entity_id="location_id" />
   <today openmrs_entity="encounter" openmrs_entity_id="encounter_date">2015-05-31</today>
   <i_start_time openmrs_entity="encounter" openmrs_entity_id="encounter_start">2015-05-31T12:41:27.223+06</i_start_time>
   <FWNHREGDATE openmrs_entity="concept" openmrs_entity_id="160753AAAAAAAAAAAAAAAAAAAAAAAAAAAAAA">2015-05-31</FWNHREGDATE>
   <FWGOBHHID openmrs_entity="person_identifier" openmrs_entity_id="GOB HHID">2525</FWGOBHHID>
   <FWJIVHHID openmrs_entity="person_identifier" openmrs_entity_id="JiVitA HHID">2525</FWJIVHHID>
   <FWNHNEARTO openmrs_entity="person_address" openmrs_entity_id="landmark" openmrs_entity_parent="usual_residence">Nearest place</FWNHNEARTO>
   <FWNHHHGPS openmrs_entity="person_address" openmrs_entity_id="geopoint" openmrs_entity_parent="usual_residence" />
   <FWHOHFNAME openmrs_entity="person" openmrs_entity_id="first_name">Head of hh</FWHOHFNAME>
   <FWHOHLNAME openmrs_entity="person" openmrs_entity_id="last_name">.</FWHOHLNAME>
   <FWHOHBIRTHDATE openmrs_entity="person" openmrs_entity_id="birthdate">1900-01-01</FWHOHBIRTHDATE>
   <FWHOHGENDER openmrs_entity="person" openmrs_entity_id="gender">male</FWHOHGENDER>
   <FWNHHMBRNUM openmrs_entity="concept" openmrs_entity_id="5611AAAAAAAAAAAAAAAAAAAAAAAAAAAAAAAA">4</FWNHHMBRNUM>
   <FWNHHMWRA>1</FWNHHMWRA>
   <woman openmrs_entity="person" openmrs_entity_id="Census and New Woman Registration">
      <instanceID_woman>uuid:7e6c054f-29a6-49ad-9838-c9ef703f161d</instanceID_woman>
      <GOBHHID>2525</GOBHHID>
      <JiVitAHHID>2525</JiVitAHHID>
      <FWWOMFNAME openmrs_entity="person" openmrs_entity_id="first_name">W1</FWWOMFNAME>
      <FWWOMLNAME openmrs_entity="person" openmrs_entity_id="last_name">.</FWWOMLNAME>
      <FWWOMNID openmrs_entity="person_identifier" openmrs_entity_id="NID">25254525452558885</FWWOMNID>
      <FWWOMBID openmrs_entity="person_identifier" openmrs_entity_id="Birth Registration ID">58586995869598688</FWWOMBID>
      <FWHUSNAME openmrs_entity="concept" openmrs_entity_id="161135AAAAAAAAAAAAAAAAAAAAAAAAAAAAAA">H1</FWHUSNAME>
      <FWBIRTHDATE openmrs_entity="person" openmrs_entity_id="birthdate">1998-05-31</FWBIRTHDATE>
      <FWGENDER openmrs_entity="person" openmrs_entity_id="gender">female</FWGENDER>
      <FWWOMAGE>17</FWWOMAGE>
      <display_age />
      <FWNHWOMSTRMEN>0</FWNHWOMSTRMEN>
      <FWNHWOMHUSALV openmrs_entity="concept" openmrs_entity_id="5561AAAAAAAAAAAAAAAAAAAAAAAAAAAAAAAA">1</FWNHWOMHUSALV>
      <FWNHWOMHUSLIV openmrs_entity="concept" openmrs_entity_id="1060AAAAAAAAAAAAAAAAAAAAAAAAAAAAAAAA">1</FWNHWOMHUSLIV>
      <FWNHWOMHUSSTR>0</FWNHWOMHUSSTR>
      <FWELIGIBLE>1</FWELIGIBLE>
      <add_women />
   </woman>
   <woman openmrs_entity="person" openmrs_entity_id="Census and New Woman Registration">
      <instanceID_woman>uuid:7e6c054f-29a6-49ad-9838-c9ef703f161d</instanceID_woman>
      <GOBHHID>2525</GOBHHID>
      <JiVitAHHID>2525</JiVitAHHID>
      <FWWOMFNAME openmrs_entity="person" openmrs_entity_id="first_name">W2</FWWOMFNAME>
      <FWWOMLNAME openmrs_entity="person" openmrs_entity_id="last_name">.</FWWOMLNAME>
      <FWWOMNID openmrs_entity="person_identifier" openmrs_entity_id="NID" />
      <FWWOMBID openmrs_entity="person_identifier" openmrs_entity_id="Birth Registration ID">45215428566859698</FWWOMBID>
      <FWHUSNAME openmrs_entity="concept" openmrs_entity_id="161135AAAAAAAAAAAAAAAAAAAAAAAAAAAAAA">H2</FWHUSNAME>
      <FWBIRTHDATE openmrs_entity="person" openmrs_entity_id="birthdate">2001-05-31</FWBIRTHDATE>
      <FWGENDER openmrs_entity="person" openmrs_entity_id="gender">female</FWGENDER>
      <FWWOMAGE>14</FWWOMAGE>
      <display_age />
      <FWNHWOMSTRMEN>1</FWNHWOMSTRMEN>
      <FWELIGIBLE>0</FWELIGIBLE>
      <add_women />
   </woman>
   <woman openmrs_entity="person" openmrs_entity_id="Census and New Woman Registration">
      <instanceID_woman>uuid:7e6c054f-29a6-49ad-9838-c9ef703f161d</instanceID_woman>
      <GOBHHID>2525</GOBHHID>
      <JiVitAHHID>2525</JiVitAHHID>
      <FWWOMFNAME openmrs_entity="person" openmrs_entity_id="first_name">W3</FWWOMFNAME>
      <FWWOMLNAME openmrs_entity="person" openmrs_entity_id="last_name">.</FWWOMLNAME>
      <FWWOMNID openmrs_entity="person_identifier" openmrs_entity_id="NID" />
      <FWWOMBID openmrs_entity="person_identifier" openmrs_entity_id="Birth Registration ID">58474858487589695</FWWOMBID>
      <FWHUSNAME openmrs_entity="concept" openmrs_entity_id="161135AAAAAAAAAAAAAAAAAAAAAAAAAAAAAA">H3</FWHUSNAME>
      <FWBIRTHDATE openmrs_entity="person" openmrs_entity_id="birthdate">1997-05-31</FWBIRTHDATE>
      <FWGENDER openmrs_entity="person" openmrs_entity_id="gender">female</FWGENDER>
      <FWWOMAGE>18</FWWOMAGE>
      <display_age />
      <FWNHWOMSTRMEN>9</FWNHWOMSTRMEN>
      <FWELIGIBLE>0</FWELIGIBLE>
      <add_women />
   </woman>
   <woman openmrs_entity="person" openmrs_entity_id="Census and New Woman Registration">
      <instanceID_woman>uuid:7e6c054f-29a6-49ad-9838-c9ef703f161d</instanceID_woman>
      <GOBHHID>2525</GOBHHID>
      <JiVitAHHID>2525</JiVitAHHID>
      <FWWOMFNAME openmrs_entity="person" openmrs_entity_id="first_name">W4</FWWOMFNAME>
      <FWWOMLNAME openmrs_entity="person" openmrs_entity_id="last_name">.</FWWOMLNAME>
      <FWWOMNID openmrs_entity="person_identifier" openmrs_entity_id="NID">59865266545878285</FWWOMNID>
      <FWWOMBID openmrs_entity="person_identifier" openmrs_entity_id="Birth Registration ID">58858995989695889</FWWOMBID>
      <FWHUSNAME openmrs_entity="concept" openmrs_entity_id="161135AAAAAAAAAAAAAAAAAAAAAAAAAAAAAA">H4</FWHUSNAME>
      <FWBIRTHDATE openmrs_entity="person" openmrs_entity_id="birthdate">1991-05-31</FWBIRTHDATE>
      <FWGENDER openmrs_entity="person" openmrs_entity_id="gender">female</FWGENDER>
      <FWWOMAGE>24</FWWOMAGE>
      <display_age />
      <FWNHWOMSTRMEN>0</FWNHWOMSTRMEN>
      <FWNHWOMHUSALV openmrs_entity="concept" openmrs_entity_id="5561AAAAAAAAAAAAAAAAAAAAAAAAAAAAAAAA">1</FWNHWOMHUSALV>
      <FWNHWOMHUSLIV openmrs_entity="concept" openmrs_entity_id="1060AAAAAAAAAAAAAAAAAAAAAAAAAAAAAAAA">0</FWNHWOMHUSLIV>
      <FWELIGIBLE>0</FWELIGIBLE>
      <add_women />
   </woman>
   <join_names>W1 W2 W3 W4</join_names>
   <MWRA>4</MWRA>
   <meta>
      <instanceID>uuid:7e6c054f-29a6-49ad-9838-c9ef703f161d</instanceID>
   </meta>
   <i_end_time openmrs_entity="encounter" openmrs_entity_id="encounter_end">2015-05-31T12:44:14.438+06</i_end_time>
</data>


