

<?xml version="1.0" encoding="UTF-8"?>
<data encounter_type="New Household Registration" id="20">
   <existing_location openmrs_entity="encounter" openmrs_entity_id="location_id" />
   <today openmrs_entity="encounter" openmrs_entity_id="encounter_date">2015-05-21</today>
   <i_start_time openmrs_entity="encounter" openmrs_entity_id="encounter_start">2015-05-21T13:48:51.595+06</i_start_time>
   <FWNHREGDATE openmrs_entity="concept" openmrs_entity_id="160753AAAAAAAAAAAAAAAAAAAAAAAAAAAAAA">2015-05-21</FWNHREGDATE>
   <FWGOBHHID openmrs_entity="person_identifier" openmrs_entity_id="GOB HHID">1111</FWGOBHHID>
   <FWJIVHHID openmrs_entity="person_identifier" openmrs_entity_id="JiVitA HHID">1111</FWJIVHHID>
   <FWNHNEARTO openmrs_entity="person_address" openmrs_entity_id="landmark" openmrs_entity_parent="usual_residence">test</FWNHNEARTO>
   <FWNHHHGPS openmrs_entity="person_address" openmrs_entity_id="geopoint" openmrs_entity_parent="usual_residence">23.7974022 90.4053783 0.0 995.0</FWNHHHGPS>
   <FWHOHFNAME openmrs_entity="person" openmrs_entity_id="first_name">jamil</FWHOHFNAME>
   <FWHOHLNAME openmrs_entity="person" openmrs_entity_id="last_name">.</FWHOHLNAME>
   <FWHOHBIRTHDATE openmrs_entity="person" openmrs_entity_id="birthdate">1900-01-01</FWHOHBIRTHDATE>
   <FWHOHGENDER openmrs_entity="person" openmrs_entity_id="gender">male</FWHOHGENDER>
   <FWNHHMBRNUM openmrs_entity="concept" openmrs_entity_id="5611AAAAAAAAAAAAAAAAAAAAAAAAAAAAAAAA">5</FWNHHMBRNUM>
   <FWNHHMWRA>1</FWNHHMWRA>
   <woman openmrs_entity="person" openmrs_entity_id="Census and New Woman Registration">
      <GOBHHID>1111</GOBHHID>
      <JiVitAHHID>1111</JiVitAHHID>
      <FWWOMFNAME openmrs_entity="person" openmrs_entity_id="first_name">bokul</FWWOMFNAME>
      <FWWOMLNAME openmrs_entity="person" openmrs_entity_id="last_name">.</FWWOMLNAME>
      <FWWOMNID openmrs_entity="person_identifier" openmrs_entity_id="NID" />
      <FWWOMBID openmrs_entity="person_identifier" openmrs_entity_id="Birth Registration ID">80858587485214521</FWWOMBID>
      <FWHUSNAME openmrs_entity="concept" openmrs_entity_id="161135AAAAAAAAAAAAAAAAAAAAAAAAAAAAAA">bomkesh</FWHUSNAME>
      <FWBIRTHDATE openmrs_entity="person" openmrs_entity_id="birthdate">1997-05-21</FWBIRTHDATE>
      <FWGENDER openmrs_entity="person" openmrs_entity_id="gender">female</FWGENDER>
      <FWWOMAGE>18</FWWOMAGE>
      <display_age />
      <FWNHWOMSTRMEN>1</FWNHWOMSTRMEN>
      <FWELIGIBLE>0</FWELIGIBLE>
      <add_women />
   </woman>
   <woman openmrs_entity="person" openmrs_entity_id="Census and New Woman Registration">
      <GOBHHID>1111</GOBHHID>
      <JiVitAHHID>1111</JiVitAHHID>
      <FWWOMFNAME openmrs_entity="person" openmrs_entity_id="first_name">parul</FWWOMFNAME>
      <FWWOMLNAME openmrs_entity="person" openmrs_entity_id="last_name">.</FWWOMLNAME>
      <FWWOMNID openmrs_entity="person_identifier" openmrs_entity_id="NID" />
      <FWWOMBID openmrs_entity="person_identifier" openmrs_entity_id="Birth Registration ID">15142541524515254</FWWOMBID>
      <FWHUSNAME openmrs_entity="concept" openmrs_entity_id="161135AAAAAAAAAAAAAAAAAAAAAAAAAAAAAA">sukkur ali</FWHUSNAME>
      <FWBIRTHDATE openmrs_entity="person" openmrs_entity_id="birthdate">1987-05-21</FWBIRTHDATE>
      <FWGENDER openmrs_entity="person" openmrs_entity_id="gender">female</FWGENDER>
      <FWWOMAGE>28</FWWOMAGE>
      <display_age />
      <FWNHWOMSTRMEN>0</FWNHWOMSTRMEN>
      <FWNHWOMHUSALV openmrs_entity="concept" openmrs_entity_id="5561AAAAAAAAAAAAAAAAAAAAAAAAAAAAAAAA">1</FWNHWOMHUSALV>
      <FWNHWOMHUSLIV openmrs_entity="concept" openmrs_entity_id="1060AAAAAAAAAAAAAAAAAAAAAAAAAAAAAAAA">1</FWNHWOMHUSLIV>
      <FWNHWOMHUSSTR>0</FWNHWOMHUSSTR>
      <FWELIGIBLE>1</FWELIGIBLE>
      <add_women />
   </woman>
   <woman openmrs_entity="person" openmrs_entity_id="Census and New Woman Registration">
      <GOBHHID>1111</GOBHHID>
      <JiVitAHHID>1111</JiVitAHHID>
      <FWWOMFNAME openmrs_entity="person" openmrs_entity_id="first_name">parvin</FWWOMFNAME>
      <FWWOMLNAME openmrs_entity="person" openmrs_entity_id="last_name">.</FWWOMLNAME>
      <FWWOMNID openmrs_entity="person_identifier" openmrs_entity_id="NID" />
      <FWWOMBID openmrs_entity="person_identifier" openmrs_entity_id="Birth Registration ID">15425415241525425</FWWOMBID>
      <FWHUSNAME openmrs_entity="concept" openmrs_entity_id="161135AAAAAAAAAAAAAAAAAAAAAAAAAAAAAA">pannu</FWHUSNAME>
      <FWBIRTHDATE openmrs_entity="person" openmrs_entity_id="birthdate">1993-05-21</FWBIRTHDATE>
      <FWGENDER openmrs_entity="person" openmrs_entity_id="gender">female</FWGENDER>
      <FWWOMAGE>22</FWWOMAGE>
      <display_age />
      <FWNHWOMSTRMEN>0</FWNHWOMSTRMEN>
      <FWNHWOMHUSALV openmrs_entity="concept" openmrs_entity_id="5561AAAAAAAAAAAAAAAAAAAAAAAAAAAAAAAA">1</FWNHWOMHUSALV>
      <FWNHWOMHUSLIV openmrs_entity="concept" openmrs_entity_id="1060AAAAAAAAAAAAAAAAAAAAAAAAAAAAAAAA">0</FWNHWOMHUSLIV>
      <FWELIGIBLE>0</FWELIGIBLE>
      <add_women />
   </woman>
   <woman openmrs_entity="person" openmrs_entity_id="Census and New Woman Registration">
      <GOBHHID>1111</GOBHHID>
      <JiVitAHHID>1111</JiVitAHHID>
      <FWWOMFNAME openmrs_entity="person" openmrs_entity_id="first_name">jibika</FWWOMFNAME>
      <FWWOMLNAME openmrs_entity="person" openmrs_entity_id="last_name">.</FWWOMLNAME>
      <FWWOMNID openmrs_entity="person_identifier" openmrs_entity_id="NID" />
      <FWWOMBID openmrs_entity="person_identifier" openmrs_entity_id="Birth Registration ID">15441525415254152</FWWOMBID>
      <FWHUSNAME openmrs_entity="concept" openmrs_entity_id="161135AAAAAAAAAAAAAAAAAAAAAAAAAAAAAA">shanto</FWHUSNAME>
      <FWBIRTHDATE openmrs_entity="person" openmrs_entity_id="birthdate">1996-05-21</FWBIRTHDATE>
      <FWGENDER openmrs_entity="person" openmrs_entity_id="gender">female</FWGENDER>
      <FWWOMAGE>19</FWWOMAGE>
      <display_age />
      <FWNHWOMSTRMEN>9</FWNHWOMSTRMEN>
      <FWELIGIBLE>0</FWELIGIBLE>
      <add_women />
   </woman>
   <join_names>bokul parul parvin jibika</join_names>
   <MWRA>4</MWRA>
   <meta>
      <instanceID>uuid:1c30ca10-ce74-4121-92de-0bef3e207b35</instanceID>
   </meta>
   <i_end_time openmrs_entity="encounter" openmrs_entity_id="encounter_end">2015-05-21T13:51:32.964+06</i_end_time>
</data>


